requested_backend,active_backend,look,workload,count,layered,repeat,status,cpu_p95_ms,raf_p95_ms,draws,source_updates
webgpu,webgpu,studio,move,10,false,1,ok,1.800,17.400,72,1
webgpu,webgpu,studio,move,50,false,1,ok,10.200,17.500,72,1
webgpu,webgpu,studio,move,100,false,1,ok,56.100,51.000,72,1
webgpu,webgpu,frosted,move,10,false,1,ok,1.500,17.700,72,1
webgpu,webgpu,frosted,move,50,false,1,ok,5.300,17.600,72,1
webgpu,webgpu,frosted,move,100,false,1,ok,23.600,33.400,72,1
webgpu,webgpu,studio,background,50,false,1,ok,1.900,17.400,72,72
webgpu,webgpu,frosted,background,50,false,1,ok,1.800,17.500,72,72
webgpu,webgpu,studio,idle,50,false,1,ok,,17.600,0,0
webgpu,webgpu,frosted,overlap,10,false,1,ok,1.700,17.600,72,1
webgpu,webgpu,frosted,overlap,10,true,1,ok,1.600,17.200,72,1
webgl,webgl,studio,move,10,false,1,ok,1.800,17.600,72,0
webgl,webgl,studio,move,50,false,1,ok,5.800,17.600,72,0
webgl,webgl,studio,move,100,false,1,ok,33.300,34.000,72,0
webgl,webgl,frosted,move,10,false,1,ok,1.700,17.500,72,0
webgl,webgl,frosted,move,50,false,1,ok,5.700,17.200,72,0
webgl,webgl,frosted,move,100,false,1,ok,27.300,33.400,72,0
webgl,webgl,studio,background,50,false,1,ok,3.700,17.600,72,72
webgl,webgl,frosted,background,50,false,1,ok,3.400,17.300,72,72
webgl,webgl,studio,idle,50,false,1,ok,,17.200,0,0
webgl,webgl,frosted,overlap,10,false,1,ok,1.900,17.300,72,0
webgl,webgl,frosted,overlap,10,true,1,ok,5.400,16.800,72,0
svg,svg,studio,move,10,false,1,ok,17.000,17.400,72,0
svg,svg,studio,move,50,false,1,ok,64.500,66.800,72,0
svg,svg,studio,move,100,false,1,ok,109.300,116.800,72,0
svg,svg,frosted,move,10,false,1,ok,14.400,16.700,72,0
svg,svg,frosted,move,50,false,1,ok,61.700,66.800,72,0
svg,svg,frosted,move,100,false,1,ok,123.400,133.300,72,0
svg,svg,studio,background,50,false,1,ok,68.000,66.700,72,72
svg,svg,frosted,background,50,false,1,ok,67.400,66.800,72,72
svg,svg,studio,idle,50,false,1,ok,,17.500,0,0
css,css,studio,move,10,false,1,ok,1.300,16.900,72,0
css,css,studio,move,50,false,1,ok,14.100,17.400,72,0
css,css,studio,move,100,false,1,ok,34.500,33.700,72,0
css,css,frosted,move,10,false,1,ok,1.200,16.900,72,0
css,css,frosted,move,50,false,1,ok,6.300,16.900,72,0
css,css,frosted,move,100,false,1,ok,18.100,34.100,72,0
css,css,studio,background,50,false,1,ok,0.400,17.300,72,72
css,css,frosted,background,50,false,1,ok,0.400,16.800,72,72
css,css,studio,idle,50,false,1,ok,,17.400,0,0
solid,solid,studio,move,10,false,1,ok,1.500,17.100,72,0
solid,solid,studio,move,50,false,1,ok,5.200,16.800,72,0
solid,solid,studio,move,100,false,1,ok,44.400,50.000,72,0
solid,solid,frosted,move,10,false,1,ok,1.700,16.800,72,0
solid,solid,frosted,move,50,false,1,ok,7.900,16.800,72,0
solid,solid,frosted,move,100,false,1,ok,35.500,33.500,72,0
solid,solid,studio,background,50,false,1,ok,1.400,17.300,72,72
solid,solid,frosted,background,50,false,1,ok,1.400,17.100,72,72
solid,solid,studio,idle,50,false,1,ok,,17.500,0,0
webgl,webgl,studio,move,10,false,2,ok,1.800,17.300,72,0
webgl,webgl,studio,move,50,false,2,ok,5.600,16.800,72,0
webgl,webgl,studio,move,100,false,2,ok,33.300,33.400,72,0
webgl,webgl,frosted,move,10,false,2,ok,1.700,17.000,72,0
webgl,webgl,frosted,move,50,false,2,ok,8.200,16.800,72,0
webgl,webgl,frosted,move,100,false,2,ok,27.400,33.400,72,0
webgl,webgl,studio,background,50,false,2,ok,3.300,17.400,72,72
webgl,webgl,frosted,background,50,false,2,ok,3.200,16.800,72,72
webgl,webgl,studio,idle,50,false,2,ok,,17.100,0,0
webgl,webgl,frosted,overlap,10,false,2,ok,1.700,16.800,72,0
webgl,webgl,frosted,overlap,10,true,2,ok,5.300,16.700,72,0
svg,svg,studio,move,10,false,2,ok,11.300,16.800,72,0
svg,svg,studio,move,50,false,2,ok,59.000,66.700,72,0
svg,svg,studio,move,100,false,2,ok,116.000,116.800,72,0
svg,svg,frosted,move,10,false,2,ok,16.300,16.800,72,0
svg,svg,frosted,move,50,false,2,ok,64.200,66.700,72,0
svg,svg,frosted,move,100,false,2,ok,121.300,133.400,72,0
svg,svg,studio,background,50,false,2,ok,63.400,66.700,72,72
svg,svg,frosted,background,50,false,2,ok,68.300,83.100,72,72
svg,svg,studio,idle,50,false,2,ok,,17.200,0,0
css,css,studio,move,10,false,2,ok,1.200,17.000,72,0
css,css,studio,move,50,false,2,ok,12.300,17.000,72,0
css,css,studio,move,100,false,2,ok,70.800,67.400,72,0
css,css,frosted,move,10,false,2,ok,1.200,17.400,72,0
css,css,frosted,move,50,false,2,ok,8.400,16.900,72,0
css,css,frosted,move,100,false,2,ok,19.800,33.700,72,0
css,css,studio,background,50,false,2,ok,0.400,16.900,72,72
css,css,frosted,background,50,false,2,ok,0.400,17.400,72,72
css,css,studio,idle,50,false,2,ok,,17.100,0,0
solid,solid,studio,move,10,false,2,ok,1.600,17.600,72,0
solid,solid,studio,move,50,false,2,ok,5.900,17.500,72,0
solid,solid,studio,move,100,false,2,ok,41.200,50.000,72,0
solid,solid,frosted,move,10,false,2,ok,1.900,17.100,72,0
solid,solid,frosted,move,50,false,2,ok,8.400,16.800,72,0
solid,solid,frosted,move,100,false,2,ok,52.700,50.100,72,0
solid,solid,studio,background,50,false,2,ok,1.200,17.500,72,72
solid,solid,frosted,background,50,false,2,ok,1.300,17.400,72,72
solid,solid,studio,idle,50,false,2,ok,,17.500,0,0
webgpu,webgpu,studio,move,10,false,2,ok,2.000,17.500,72,1
webgpu,webgpu,studio,move,50,false,2,ok,5.500,16.800,72,1
webgpu,webgpu,studio,move,100,false,2,ok,47.000,50.000,72,1
webgpu,webgpu,frosted,move,10,false,2,ok,1.500,16.800,72,1
webgpu,webgpu,frosted,move,50,false,2,ok,6.400,16.800,72,1
webgpu,webgpu,frosted,move,100,false,2,ok,42.400,50.000,72,1
webgpu,webgpu,studio,background,50,false,2,ok,1.900,17.400,72,72
webgpu,webgpu,frosted,background,50,false,2,ok,1.900,17.500,72,72
webgpu,webgpu,studio,idle,50,false,2,ok,,17.400,0,0
webgpu,webgpu,frosted,overlap,10,false,2,ok,1.700,16.800,72,1
webgpu,webgpu,frosted,overlap,10,true,2,ok,1.500,16.700,72,1
svg,svg,studio,move,10,false,3,ok,15.000,16.700,72,0
svg,svg,studio,move,50,false,3,ok,58.400,66.700,72,0
svg,svg,studio,move,100,false,3,ok,116.400,117.000,72,0
svg,svg,frosted,move,10,false,3,ok,11.500,17.400,72,0
svg,svg,frosted,move,50,false,3,ok,65.900,67.000,72,0
svg,svg,frosted,move,100,false,3,ok,122.300,133.400,72,0
svg,svg,studio,background,50,false,3,ok,65.900,66.800,72,72
svg,svg,frosted,background,50,false,3,ok,66.900,66.900,72,72
svg,svg,studio,idle,50,false,3,ok,,17.300,0,0
css,css,studio,move,10,false,3,ok,1.400,17.300,72,0
css,css,studio,move,50,false,3,ok,7.700,16.800,72,0
css,css,studio,move,100,false,3,ok,39.200,34.200,72,0
css,css,frosted,move,10,false,3,ok,1.200,16.800,72,0
css,css,frosted,move,50,false,3,ok,12.200,16.800,72,0
css,css,frosted,move,100,false,3,ok,20.500,34.300,72,0
css,css,studio,background,50,false,3,ok,0.400,16.900,72,72
css,css,frosted,background,50,false,3,ok,0.400,16.800,72,72
css,css,studio,idle,50,false,3,ok,,17.300,0,0
solid,solid,studio,move,10,false,3,ok,1.500,17.600,72,0
solid,solid,studio,move,50,false,3,ok,5.900,17.400,72,0
solid,solid,studio,move,100,false,3,ok,41.200,49.900,72,0
solid,solid,frosted,move,10,false,3,ok,1.400,16.800,72,0
solid,solid,frosted,move,50,false,3,ok,10.000,16.700,72,0
solid,solid,frosted,move,100,false,3,ok,39.900,49.900,72,0
solid,solid,studio,background,50,false,3,ok,1.300,17.300,72,72
solid,solid,frosted,background,50,false,3,ok,1.200,17.600,72,72
solid,solid,studio,idle,50,false,3,ok,,17.300,0,0
webgpu,webgpu,studio,move,10,false,3,ok,1.700,16.800,72,1
webgpu,webgpu,studio,move,50,false,3,ok,5.600,16.800,72,1
webgpu,webgpu,studio,move,100,false,3,ok,31.000,33.400,72,1
webgpu,webgpu,frosted,move,10,false,3,ok,1.900,17.300,72,1
webgpu,webgpu,frosted,move,50,false,3,ok,10.400,17.100,72,1
webgpu,webgpu,frosted,move,100,false,3,ok,41.900,50.000,72,1
webgpu,webgpu,studio,background,50,false,3,ok,2.000,17.100,72,72
webgpu,webgpu,frosted,background,50,false,3,ok,1.400,16.900,72,72
webgpu,webgpu,studio,idle,50,false,3,ok,,17.300,0,0
webgpu,webgpu,frosted,overlap,10,false,3,ok,1.700,17.400,72,1
webgpu,webgpu,frosted,overlap,10,true,3,ok,1.600,16.800,72,1
webgl,webgl,studio,move,10,false,3,ok,1.800,17.100,72,0
webgl,webgl,studio,move,50,false,3,ok,5.800,16.900,72,0
webgl,webgl,studio,move,100,false,3,ok,52.800,50.100,72,0
webgl,webgl,frosted,move,10,false,3,ok,1.800,17.100,72,0
webgl,webgl,frosted,move,50,false,3,ok,5.600,16.900,72,0
webgl,webgl,frosted,move,100,false,3,ok,39.500,50.000,72,0
webgl,webgl,studio,background,50,false,3,ok,3.600,17.200,72,72
webgl,webgl,frosted,background,50,false,3,ok,5.000,17.300,72,72
webgl,webgl,studio,idle,50,false,3,ok,,17.100,0,0
webgl,webgl,frosted,overlap,10,false,3,ok,1.800,16.800,72,0
webgl,webgl,frosted,overlap,10,true,3,ok,5.400,17.100,72,0
