backend,capture,look,workload,count,layered,repeats,cpu_p50_ms,cpu_p95_ms,cpu_p99_ms,raf_p50_ms,raf_p95_ms,raf_max_ms,source_textures,blur_textures,composite_textures
webgpu,scene,studio,move,10,false,3,1.200,1.900,2.600,16.700,17.400,17.700,1,2,0
webgpu,scene,studio,move,50,false,3,4.300,9.500,10.600,16.700,16.800,17.700,1,2,0
webgpu,scene,studio,move,100,false,3,20.800,48.900,60.200,17.000,50.000,67.200,1,2,0
webgpu,scene,frosted,move,10,false,3,1.200,1.800,2.200,16.700,17.600,17.700,1,5,0
webgpu,scene,frosted,move,50,false,3,4.500,9.600,11.100,16.700,17.200,17.700,1,5,0
webgpu,scene,frosted,move,100,false,3,16.500,41.200,43.200,16.700,49.300,50.100,1,5,0
webgpu,scene,studio,background,50,false,3,1.400,1.900,2.200,16.700,17.400,17.700,1,2,0
webgpu,scene,frosted,background,50,false,3,1.000,1.800,2.500,16.700,17.500,17.700,1,5,0
webgpu,scene,studio,idle,50,false,3,,,,16.700,17.400,17.700,1,2,0
webgpu,scene,frosted,overlap,10,false,3,1.300,1.700,2.000,16.700,17.300,17.700,1,5,0
webgpu,scene,frosted,overlap,10,true,3,1.300,1.500,1.700,16.700,16.800,17.700,1,5,2
webgl,scene,studio,move,10,false,3,1.400,1.800,2.000,16.700,17.400,17.800,1,2,0
webgl,scene,studio,move,50,false,3,4.200,5.700,6.400,16.700,17.100,17.800,1,2,0
webgl,scene,studio,move,100,false,3,23.400,46.000,54.900,17.700,50.000,66.000,1,2,0
webgl,scene,frosted,move,10,false,3,1.400,1.800,2.200,16.700,17.300,17.700,1,5,0
webgl,scene,frosted,move,50,false,3,4.300,7.600,8.500,16.700,16.900,17.700,1,5,0
webgl,scene,frosted,move,100,false,3,19.500,35.100,44.500,16.700,33.700,50.100,1,5,0
webgl,scene,studio,background,50,false,3,2.400,3.600,4.500,16.700,17.400,17.800,1,2,0
webgl,scene,frosted,background,50,false,3,2.300,3.500,5.100,16.700,17.200,17.800,1,5,0
webgl,scene,studio,idle,50,false,3,,,,16.700,17.200,17.600,1,2,0
webgl,scene,frosted,overlap,10,false,3,1.300,1.800,3.400,16.700,16.800,17.500,1,5,0
webgl,scene,frosted,overlap,10,true,3,5.000,5.400,6.000,16.700,16.800,17.600,1,5,2
svg,scene,studio,move,10,false,3,12.100,15.900,19.500,16.700,16.800,17.700,,,0
svg,scene,studio,move,50,false,3,49.700,63.200,72.700,50.000,66.800,83.300,,,0
svg,scene,studio,move,100,false,3,95.000,116.000,128.500,100.000,116.800,150.000,,,0
svg,scene,frosted,move,10,false,3,12.200,15.900,18.400,16.700,16.800,17.600,,,0
svg,scene,frosted,move,50,false,3,52.400,65.300,74.600,50.100,66.800,83.500,,,0
svg,scene,frosted,move,100,false,3,103.400,123.400,142.900,100.900,133.400,150.100,,,0
svg,scene,studio,background,50,false,3,53.100,65.900,74.500,50.100,66.800,83.400,,,0
svg,scene,frosted,background,50,false,3,54.100,68.000,77.700,50.100,66.900,83.400,,,0
svg,scene,studio,idle,50,false,3,,,,16.700,17.300,17.700,,,0
css,scene,studio,move,10,false,3,1.000,1.300,1.400,16.700,17.000,17.600,,,0
css,scene,studio,move,50,false,3,7.100,13.100,14.200,16.700,17.000,17.600,,,0
css,scene,studio,move,100,false,3,20.000,60.300,79.500,33.300,66.700,83.500,,,0
css,scene,frosted,move,10,false,3,0.800,1.200,1.300,16.700,17.300,17.600,,,0
css,scene,frosted,move,50,false,3,5.800,10.600,13.200,16.700,16.900,17.700,,,0
css,scene,frosted,move,100,false,3,11.700,19.800,22.300,33.300,34.100,50.000,,,0
css,scene,studio,background,50,false,3,0.300,0.400,0.400,16.700,17.100,17.700,,,0
css,scene,frosted,background,50,false,3,0.300,0.400,0.400,16.700,17.000,17.600,,,0
css,scene,studio,idle,50,false,3,,,,16.700,17.300,17.700,,,0
solid,scene,studio,move,10,false,3,1.200,1.600,1.700,16.700,17.600,17.800,,,0
solid,scene,studio,move,50,false,3,4.100,5.700,6.100,16.700,17.400,17.800,,,0
solid,scene,studio,move,100,false,3,19.600,42.800,47.800,32.400,50.000,51.000,,,0
solid,scene,frosted,move,10,false,3,1.100,1.700,2.000,16.700,17.000,17.500,,,0
solid,scene,frosted,move,50,false,3,5.500,9.200,10.400,16.700,16.800,17.700,,,0
solid,scene,frosted,move,100,false,3,20.600,46.700,54.100,16.800,50.000,67.600,,,0
solid,scene,studio,background,50,false,3,0.900,1.300,1.600,16.700,17.400,17.600,,,0
solid,scene,frosted,background,50,false,3,0.800,1.300,1.500,16.700,17.500,17.800,,,0
solid,scene,studio,idle,50,false,3,,,,16.700,17.500,17.700,,,0
